Workbook

Sheet January 26
A1: Day | B1: From | C1: To | D1: Hours | E1: Concept | F1: Comments | H1: Days Worked | I1: Total hours
A2: 46023 | B2: 0.41666667 | C2: 0.75 | D2: =C2-B2 -> 0.33333333 | E2: Holiday | F2: Año nuevo | H2: =COUNTIF(E:E, "=Worked") -> 0 | I2: =SUMIF(E:E, "=Worked", D:D) -> 0
A3: 46024 | B3: 0.41666667 | C3: 0.70833333 | D3: =C3-B3 -> 0.29166667 | E3: Not Worked
A4: 46027 | B4: 0.41666667 | C4: 0.75 | D4: =C4-B4 -> 0.33333333 | E4: Not Worked | H4: Holidays | I4: Remaining Contract #1 January 26
A5: 46028 | B5: 0.41666667 | C5: 0.75 | D5: =C5-B5 -> 0.33333333 | E5: Holiday | F5: Epifanía del Señor | H5: =COUNTIF(E:E, "=Vacation")+ COUNTIF(E:E, "=Holiday") -> 2 | I5: ="1600:00"-SUMIF(E:E, "=Worked", D1:D23) -> 66.666667
A6: 46029 | B6: 0.41666667 | C6: 0.75 | D6: =C6-B6 -> 0.33333333 | E6: Not Worked
A7: 46030 | B7: 0.41666667 | C7: 0.75 | D7: =C7-B7 -> 0.33333333 | E7: Not Worked
A8: 46031 | B8: 0.41666667 | C8: 0.70833333 | D8: =C8-B8 -> 0.29166667 | E8: Not Worked
A9: 46034 | B9: 0.41666667 | C9: 0.75 | D9: =C9-B9 -> 0.33333333 | E9: Not Worked
A10: 46035 | B10: 0.41666667 | C10: 0.75 | D10: =C10-B10 -> 0.33333333 | E10: Not Worked
A11: 46036 | B11: 0.41666667 | C11: 0.75 | D11: =C11-B11 -> 0.33333333 | E11: Not Worked
A12: 46037 | B12: 0.41666667 | C12: 0.75 | D12: =C12-B12 -> 0.33333333 | E12: Not Worked
A13: 46038 | B13: 0.41666667 | C13: 0.70833333 | D13: =C13-B13 -> 0.29166667 | E13: Not Worked
A14: 46041 | B14: 0.41666667 | C14: 0.75 | D14: =C14-B14 -> 0.33333333 | E14: Not Worked
A15: 46042 | B15: 0.41666667 | C15: 0.75 | D15: =C15-B15 -> 0.33333333 | E15: Not Worked
A16: 46043 | B16: 0.41666667 | C16: 0.75 | D16: =C16-B16 -> 0.33333333 | E16: Not Worked
A17: 46044 | B17: 0.41666667 | C17: 0.75 | D17: =C17-B17 -> 0.33333333 | E17: Not Worked
... A23: 46052 | B23: 0.41666667 | C23: 0.70833333 | D23: =C23-B23 -> 0.29166667 | E23: Not Worked

Sheet February 26
A1: Day | B1: From | C1: To | D1: Hours | E1: Concept | F1: Comments | H1: Days Worked | I1: Total hours
A2: 46055 | B2: 0.41666667 | C2: 0.75 | D2: =C2-B2 -> 0.33333333 | E2: Worked | F2: -[AI Enablement] Actualización estado Langflow y proyecto Chargeback (en curso) | H2: =COUNTIF(E:E, "=Worked") -> 20 | I2: =SUMIF(E:E, "=Worked", D:D) -> 6.5
A3: 46056 | B3: 0.41666667 | C3: 0.75 | D3: =C3-B3 -> 0.33333333 | E3: Worked | F3: -[AI Enablement] Actualización estado Langflow y proyecto Chargeback (en curso)
A4: 46057 | B4: 0.41666667 | C4: 0.75 | D4: =C4-B4 -> 0.33333333 | E4: Worked | F4: -[AI Enablement] Actualización estado Langflow y proyecto Chargeback (en curso) -[Process PaaS] BAMOE: revisión y pruebas casos de soporte (en curso) -[AI Enablement] Sesión de trabajo: tareas a abordar 2026 | H4: Holidays | I4: Remaining Contract #1 January 26
A5: 46058 | B5: 0.41666667 | C5: 0.75 | D5: =C5-B5 -> 0.33333333 | E5: Worked | F5: -[Process PaaS] BAMOE: revisión y pruebas casos de soporte (en curso) -[Process PaaS] Sprint Review | H5: =COUNTIF(E:E, "=Vacation")+ COUNTIF(E:E, "=Holiday") -> 0 | I5: ='January 26'!I5-SUMIF(E:E, "=Worked", D1:D21) -> 60.166667
A6: 46059 | B6: 0.41666667 | C6: 0.70833333 | D6: =C6-B6 -> 0.29166667 | E6: Worked | F6: -[Process PaaS] BAMOE: revisión y pruebas casos de soporte (en curso) -[AI Enablement] Actualización estado Langflow y proyecto Chargeback (en curso)
A7: 46062 | B7: 0.41666667 | C7: 0.75 | D7: =C7-B7 -> 0.33333333 | E7: Worked | F7: -[Process PaaS] BAMOE: revisión y pruebas casos de soporte (en curso) -[Process PaaS] Foro técnico -[Process PaaS] Sprint Planning
A8: 46063 | B8: 0.41666667 | C8: 0.75 | D8: =C8-B8 -> 0.33333333 | E8: Worked | F8: -[Process PaaS] [SCIB] Trabajo sobre puntos pendientes monitoring: cancel, trigger, reschedule (en curso)
A9: 46064 | B9: 0.41666667 | C9: 0.75 | D9: =C9-B9 -> 0.33333333 | E9: Worked | F9: -[Process PaaS] [SCIB] Trabajo sobre puntos pendientes monitoring: cancel, trigger, reschedule (en curso)
A10: 46065 | B10: 0.41666667 | C10: 0.75 | D10: =C10-B10 -> 0.33333333 | E10: Worked | F10: -[AI Enablement] Reunión Sentinel -[AI Enablement] Preparación demo OpenTelemetry (en curso)
A11: 46066 | B11: 0.41666667 | C11: 0.70833333 | D11: =C11-B11 -> 0.29166667 | E11: Worked | F11: -[Process PaaS] BAMOE Management Console: análisis plataforma seguridad SOS (en curso) -[AI Enablement] Análisis e investigación sobre Human-in-the-Loop (en curso)
A12: 46069 | B12: 0.41666667 | C12: 0.75 | D12: =C12-B12 -> 0.33333333 | E12: Worked | F12: -[Process PaaS] BAMOE Management Console: análisis plataforma seguridad SOS (en curso) -[AI Enablement] Análisis e investigación sobre Human-in-the-Loop (en curso)
A13: 46070 | B13: 0.41666667 | C13: 0.75 | D13: =C13-B13 -> 0.33333333 | E13: Worked | F13: -[AI Enablement] Desarrollo PoC text-to-BPMN (en curso) -[Process PaaS] BAMOE Management Console: integración con OIDC, pruebas EntraID (en curso) -[AI Enablement] Análisis e investigación sobre Human-in-the-Loop (en curso)
A14: 46071 | B14: 0.41666667 | C14: 0.75 | D14: =C14-B14 -> 0.33333333 | E14: Worked | F14: -[AI Enablement] Desarrollo PoC text-to-BPMN (en curso) -[Process PaaS] BAMOE Management Console: integración con OIDC, pruebas EntraID (en curso)
A15: 46072 | B15: 0.41666667 | C15: 0.75 | D15: =C15-B15 -> 0.33333333 | E15: Worked | F15: -[AI Enablement] Desarrollo PoC text-to-BPMN (en curso) -[Process PaaS] Monitoring: revisión casos de soporte (en curso) -[Process PaaS] BAMOE Management Console: integración con OIDC, pruebas EntraID (FINALIZADO)
A16: 46073 | B16: 0.41666667 | C16: 0.70833333 | D16: =C16-B16 -> 0.29166667 | E16: Worked | F16: -[AI Enablement] Desarrollo PoC text-to-BPMN (en curso) -[Process PaaS] BAMOE Data Cleanup Tool: preparación entorno pruebas (en curso) -[Process PaaS] BAMOE Management Console: adaptaciones aplicación BAMOE+SOS (en curso)
A17: 46076 | B17: 0.41666667 | C17: 0.75 | D17: =C17-B17 -> 0.33333333 | E17: Worked | F17: -[AI Enablement] Preparación demo foro técnico: text-to-BPMN -[Process PaaS] Foro técnico -[Process PaaS] BAMOE Management Console: adaptaciones aplicación BAMOE+SOS (en curso)
... A21: 46080 | B21: 0.41666667 | C21: 0.70833333 | D21: =C21-B21 -> 0.29166667 | E21: Worked | F21: -[AI Enablement] Instalación IBM MCP Context Forge en SDS DEV: despliegue y pruebas (en curso) -[Process PaaS] BAMOE Data Cleanup Tool: pruebas y documentación conclusiones (FINALIZADO)

Sheet March 26
A1: Day | B1: From | C1: To | D1: Hours | E1: Concept | F1: Comments | H1: Days Worked | I1: Total hours
A2: 46083 | B2: 0.41666667 | C2: 0.75 | D2: =C2-B2 -> 0.33333333 | E2: Worked | F2: -[AI Enablement] Instalación IBM MCP Context Forge en SDS DEV: despliegue y pruebas (FINALIZADO) -[Process PaaS] BAMOE Data Cleanup Tool: análisis vulnerabilidades y subida de imagen a ECR (en curso) -[Process PaaS] Reunión revisión monitoring Process PaaS con SCIB | H2: =COUNTIF(E:E, "=Worked") -> 20 | I2: =SUMIF(E:E, "=Worked", D:D) -> 6.5
A3: 46084 | B3: 0.41666667 | C3: 0.75 | D3: =C3-B3 -> 0.33333333 | E3: Worked | F3: -[Process PaaS] Sprint Review -[Process PaaS] BAMOE Data Cleanup Tool: análisis vulnerabilidades y subida de imagen a ECR (FINALIZADO)
A4: 46085 | B4: 0.41666667 | C4: 0.75 | D4: =C4-B4 -> 0.33333333 | E4: Worked | F4: -[Process PaaS] Sprint Planning -[AI Enablement] Reunión de equipo -[AI Enablement] Reunión con AI Labs -[AI Enablement] Análisis Docling: instalación local (en curso) | H4: Holidays | I4: Remaining Contract #1 January 26
A5: 46086 | B5: 0.41666667 | C5: 0.75 | D5: =C5-B5 -> 0.33333333 | E5: Worked | F5: -[AI Enablement] Análisis Docling: instalación local (FINALIZADO) -[AI Enablement] Análisis Docling: pruebas sobre pipelines OCR y VLM (en curso) | H5: =COUNTIF(E:E, "=Vacation")+ COUNTIF(E:E, "=Holiday") -> 2 | I5: ='February 26'!I5-SUMIF(E:E, "=Worked", D1:D23) -> 53.666667
A6: 46087 | B6: 0.41666667 | C6: 0.70833333 | D6: =C6-B6 -> 0.29166667 | E6: Worked | F6: -[AI Enablement] Foro MCP: presentación IBM MCP Context Forge -[AI Enablement] Análisis Docling: pruebas sobre pipelines OCR y VLM (en curso)
A7: 46090 | B7: 0.41666667 | C7: 0.75 | D7: =C7-B7 -> 0.33333333 | E7: Worked | F7: -[AI Enablement] Análisis Docling: pruebas sobre pipelines OCR y VLM (en curso) -[Process PaaS] Análisis problema protobuf en migración de proceso de BAMOE 9.2.0 a 9.3.1 (en curso)
A8: 46091 | B8: 0.41666667 | C8: 0.75 | D8: =C8-B8 -> 0.33333333 | E8: Worked | F8: -[AI Enablement] Análisis Docling: pruebas sobre pipelines OCR y VLM (en curso) -[Process PaaS] Análisis problema protobuf en migración de proceso de BAMOE 9.2.0 a 9.3.1 (en curso)
A9: 46092 | B9: 0.41666667 | C9: 0.75 | D9: =C9-B9 -> 0.33333333 | E9: Worked | F9: -[AI Enablement] Reunión de equipo -[AI Enablement] Análisis Docling: pruebas sobre pipelines OCR y VLM (en curso)
A10: 46093 | B10: 0.41666667 | C10: 0.75 | D10: =C10-B10 -> 0.33333333 | E10: Worked | F10: -[AI Enablement] Análisis Docling: pruebas sobre pipelines OCR y VLM (en curso) -[Process PaaS] Análisis incidencia proceso QAFC en Producción (FINALIZADO)
A11: 46094 | B11: 0.41666667 | C11: 0.70833333 | D11: =C11-B11 -> 0.29166667 | E11: Worked | F11: -[AI Enablement] Creación imagen OpenTelemetry Collector (FINALIZADO) -[AI Enablement] Despliegue OpenTelemetry Collector en Kubernetes local para pruebas de Helm Chart (FINALIZADO) -[AI Enablement] Creación imagen Docling (FINALIZADO) -[Process PaaS] Revisión y propuestas de mejora de proceso Maisa en Chile (FINALIZADO)
A12: 46097 | B12: 0.41666667 | C12: 0.75 | D12: =C12-B12 -> 0.33333333 | E12: Worked | F12: -[Process PaaS] BAMOE Data Cleanup Tool: despliegue en Kubernetes local como Cron Job (en curso) -[AI Enablement] OpenTelemetry Collector: creación de Helm Chart y despliegue en EKS (en curso)
A13: 46098 | B13: 0.41666667 | C13: 0.75 | D13: =C13-B13 -> 0.33333333 | E13: Worked | F13: -[Process PaaS] BAMOE Data Cleanup Tool: despliegue en Kubernetes local como Cron Job (FINALIZADO) -[AI Enablement] OpenTelemetry Collector: creación de Helm Chart y despliegue en EKS (FINALIZADO) -[AI Enablement] OpenTelemetry Collector: creación de app BAMOE y envío de trazas a collector (FINALIZADO)
A14: 46099 | B14: 0.41666667 | C14: 0.75 | D14: =C14-B14 -> 0.33333333 | E14: Worked | F14: -[AI Enablement] OpenTelemetry Collector: integración exporter AWSS3 para almacenamiento de trazas (FINALIZADO) -[BAMOE] Análisis envío de eventos a Kafka en batch al finalizar transacción BPMN (FINALIZADO) -[Process PaaS] BAMOE Data Cleanup Tool: reunión para trasladar Cron Job local a EKS (FINALIZADO)
A15: 46100 | B15: 0.41666667 | C15: 0.75 | D15: =C15-B15 -> 0.33333333 | E15: Worked | F15: -[AI Enablement] Reunión de equipo -[AI Enablement] Reunión con equipo de AI Labs para análisis de observabilidad de agentes -[AI Enablement] OpenTelemetry Collector: exploración exporter S3 con seguridad integrada (FINALIZADO) -[BAMOE] Análisis personalización de información a enviar al OTEL Collector (en curso)
A16: 46101 | B16: 0.41666667 | C16: 0.70833333 | D16: =C16-B16 -> 0.29166667 | E16: Worked | F16: -[AI Enablement] Reunión con Data&AI para Neural Trust -[AI Enablement] Reunión con Seguridad -[Process PaaS] BAMOE Data Cleanup Tool: primera ejecución de Job en EKS (FINALIZADO)
A17: 46104 | B17: 0.41666667 | C17: 0.75 | D17: =C17-B17 -> 0.33333333 | E17: Worked | F17: -[Process PaaS] BAMOE Data Cleanup Tool: adaptaciones Job para variabilizar entrada (FINALIZADO) -[Process PaaS] BAMOE Data Cleanup Tool: preparación slides foro técnico -[Process PaaS] Foro técnico
A18: 46105 | B18: 0.41666667 | C18: 0.75 | D18: =C18-B18 -> 0.33333333 | E18: Worked | F18: -[AI Enablement] n8n: PoC OpenTelemetry + Prometheus + Loki + Grafana, montaje plataforma local (en curso) -[AI Enablement] Análisis código AI Labs de PoC Sentinels (en curso)
A19: 46106 | B19: 0.41666667 | C19: 0.75 | D19: =C19-B19 -> 0.33333333 | E19: Worked
A20: 46107 | B20: 0.41666667 | C20: 0.75 | D20: =C20-B20 -> 0.33333333 | E20: Worked
A21: 46108 | B21: 0.41666667 | C21: 0.70833333 | D21: =C21-B21 -> 0.29166667 | E21: Worked
A22: 46111 | B22: 0.41666667 | C22: 0.75 | D22: =C22-B22 -> 0.33333333 | E22: Holiday | F22: Semana Santa Guardería Isabel
A23: 46112 | B23: 0.41666667 | C23: 0.75 | D23: =C23-B23 -> 0.33333333 | E23: Holiday | F23: Semana Santa Guardería Isabel

Sheet April 26
A1: Day | B1: From | C1: To | D1: Hours | E1: Concept | F1: Comments | H1: Days Worked | I1: Total hours
A2: 46113 | B2: 0.41666667 | C2: 0.75 | D2: =C2-B2 -> 0.33333333 | E2: Holiday | F2: Semana Santa Guardería Isabel | H2: =COUNTIF(E:E, "=Worked") -> 0 | I2: =SUMIF(E:E, "=Worked", D:D) -> 0
A3: 46114 | B3: 0.41666667 | C3: 0.75 | D3: =C3-B3 -> 0.33333333 | E3: Holiday | F3: Jueves Santo
A4: 46115 | B4: 0.41666667 | C4: 0.70833333 | D4: =C4-B4 -> 0.29166667 | E4: Holiday | F4: Viernes Santo | H4: Holidays | I4: Remaining Contract #1 January 26
A5: 46118 | B5: 0.41666667 | C5: 0.75 | D5: =C5-B5 -> 0.33333333 | H5: =COUNTIF(E:E, "=Vacation")+ COUNTIF(E:E, "=Holiday") -> 3 | I5: ='March 26'!I5-SUMIF(E:E, "=Worked", D1:D23) -> 53.666667
A6: 46119 | B6: 0.41666667 | C6: 0.75 | D6: =C6-B6 -> 0.33333333
A7: 46120 | B7: 0.41666667 | C7: 0.75 | D7: =C7-B7 -> 0.33333333
A8: 46121 | B8: 0.41666667 | C8: 0.75 | D8: =C8-B8 -> 0.33333333
A9: 46122 | B9: 0.41666667 | C9: 0.70833333 | D9: =C9-B9 -> 0.29166667
A10: 46125 | B10: 0.41666667 | C10: 0.75 | D10: =C10-B10 -> 0.33333333
A11: 46126 | B11: 0.41666667 | C11: 0.75 | D11: =C11-B11 -> 0.33333333
A12: 46127 | B12: 0.41666667 | C12: 0.75 | D12: =C12-B12 -> 0.33333333
A13: 46128 | B13: 0.41666667 | C13: 0.75 | D13: =C13-B13 -> 0.33333333
A14: 46129 | B14: 0.41666667 | C14: 0.70833333 | D14: =C14-B14 -> 0.29166667
A15: 46132 | B15: 0.41666667 | C15: 0.75 | D15: =C15-B15 -> 0.33333333
A16: 46133 | B16: 0.41666667 | C16: 0.75 | D16: =C16-B16 -> 0.33333333
A17: 46134 | B17: 0.41666667 | C17: 0.75 | D17: =C17-B17 -> 0.33333333
... A23: 46142 | B23: 0.41666667 | C23: 0.75 | D23: =C23-B23 -> 0.33333333

Sheet May 26
A1: Day | B1: From | C1: To | D1: Hours | E1: Concept | F1: Comments | H1: Days Worked | I1: Total hours
A2: 46143 | B2: 0.41666667 | C2: 0.70833333 | D2: =C2-B2 -> 0.29166667 | E2: Holiday | F2: Fiesta del trabajo | H2: =COUNTIF(E:E, "=Worked") -> 0 | I2: =SUMIF(E:E, "=Worked", D:D) -> 0
A3: 46146 | B3: 0.41666667 | C3: 0.75 | D3: =C3-B3 -> 0.33333333
A4: 46147 | B4: 0.41666667 | C4: 0.75 | D4: =C4-B4 -> 0.33333333 | H4: Holidays | I4: Remaining Contract #1 January 26
A5: 46148 | B5: 0.41666667 | C5: 0.75 | D5: =C5-B5 -> 0.33333333 | H5: =COUNTIF(E:E, "=Vacation")+ COUNTIF(E:E, "=Holiday") -> 1 | I5: ='April 26'!I5-SUMIF(E:E, "=Worked", D1:D22) -> 53.666667
A6: 46149 | B6: 0.41666667 | C6: 0.75 | D6: =C6-B6 -> 0.33333333
A7: 46150 | B7: 0.41666667 | C7: 0.70833333 | D7: =C7-B7 -> 0.29166667
A8: 46153 | B8: 0.41666667 | C8: 0.75 | D8: =C8-B8 -> 0.33333333
A9: 46154 | B9: 0.41666667 | C9: 0.75 | D9: =C9-B9 -> 0.33333333
A10: 46155 | B10: 0.41666667 | C10: 0.75 | D10: =C10-B10 -> 0.33333333
A11: 46156 | B11: 0.41666667 | C11: 0.75 | D11: =C11-B11 -> 0.33333333
A12: 46157 | B12: 0.41666667 | C12: 0.70833333 | D12: =C12-B12 -> 0.29166667
A13: 46160 | B13: 0.41666667 | C13: 0.75 | D13: =C13-B13 -> 0.33333333
A14: 46161 | B14: 0.41666667 | C14: 0.75 | D14: =C14-B14 -> 0.33333333
A15: 46162 | B15: 0.41666667 | C15: 0.75 | D15: =C15-B15 -> 0.33333333
A16: 46163 | B16: 0.41666667 | C16: 0.75 | D16: =C16-B16 -> 0.33333333
A17: 46164 | B17: 0.41666667 | C17: 0.70833333 | D17: =C17-B17 -> 0.29166667
... A22: 46171 | B22: 0.41666667 | C22: 0.70833333 | D22: =C22-B22 -> 0.29166667

Sheet June 26
A1: Day | B1: From | C1: To | D1: Hours | E1: Concept | F1: Comments | H1: Days Worked | I1: Total hours | J1: Billable amount | K1: VAT incl.
A2: 46174 | B2: 0.41666667 | C2: 0.75 | D2: =C2-B2 -> 0.33333333 | H2: =COUNTIF(E:E, "=Worked") -> 0 | I2: =SUMIF(E:E, "=Worked", D:D) -> 0 | J2: =(I2*24)*85 -> 0 | K2: =J2+(J2*0.21)-(J2*0.15) -> 0
A3: 46175 | B3: 0.41666667 | C3: 0.75 | D3: =C3-B3 -> 0.33333333
A4: 46176 | B4: 0.41666667 | C4: 0.75 | D4: =C4-B4 -> 0.33333333 | H4: Holidays | I4: Remaining Contract #1 January 26
A5: 46177 | B5: 0.41666667 | C5: 0.75 | D5: =C5-B5 -> 0.33333333 | H5: =COUNTIF(E:E, "=Vacation")+ COUNTIF(E:E, "=Holiday") -> 0 | I5: ='May 26'!I5-SUMIF(E:E, "=Worked", D1:D23) -> 53.666667
A6: 46178 | B6: 0.41666667 | C6: 0.70833333 | D6: =C6-B6 -> 0.29166667
A7: 46181 | B7: 0.41666667 | C7: 0.75 | D7: =C7-B7 -> 0.33333333
A8: 46182 | B8: 0.41666667 | C8: 0.75 | D8: =C8-B8 -> 0.33333333
A9: 46183 | B9: 0.41666667 | C9: 0.75 | D9: =C9-B9 -> 0.33333333
A10: 46184 | B10: 0.41666667 | C10: 0.75 | D10: =C10-B10 -> 0.33333333
A11: 46185 | B11: 0.41666667 | C11: 0.70833333 | D11: =C11-B11 -> 0.29166667
A12: 46188 | B12: 0.41666667 | C12: 0.75 | D12: =C12-B12 -> 0.33333333
A13: 46189 | B13: 0.41666667 | C13: 0.75 | D13: =C13-B13 -> 0.33333333
A14: 46190 | B14: 0.41666667 | C14: 0.75 | D14: =C14-B14 -> 0.33333333
A15: 46191 | B15: 0.41666667 | C15: 0.75 | D15: =C15-B15 -> 0.33333333
A16: 46192 | B16: 0.41666667 | C16: 0.70833333 | D16: =C16-B16 -> 0.29166667
A17: 46195 | B17: 0.41666667 | C17: 0.75 | D17: =C17-B17 -> 0.33333333
... A23: 46203 | B23: 0.41666667 | C23: 0.75 | D23: =C23-B23 -> 0.33333333

Sheet July 26
A1: Day | B1: From | C1: To | D1: Hours | E1: Concept | F1: Comments | H1: Days Worked | I1: Total hours | J1: Billable amount | K1: VAT incl.
A2: 46204 | B2: 0.41666667 | C2: 0.75 | D2: =C2-B2 -> 0.33333333 | H2: =COUNTIF(E:E, "=Worked") -> 0 | I2: =SUMIF(E:E, "=Worked", D:D) -> 0 | J2: =(I2*24)*85 -> 0 | K2: =J2+(J2*0.21)-(J2*0.15) -> 0
A3: 46205 | B3: 0.41666667 | C3: 0.75 | D3: =C3-B3 -> 0.33333333
A4: 46206 | B4: 0.41666667 | C4: 0.70833333 | D4: =C4-B4 -> 0.29166667 | H4: Holidays | I4: Remaining Contract #1 January 26
A5: 46209 | B5: 0.41666667 | C5: 0.75 | D5: =C5-B5 -> 0.33333333 | H5: =COUNTIF(E:E, "=Vacation")+ COUNTIF(E:E, "=Holiday") -> 0 | I5: ='June 26'!I5-SUMIF(E:E, "=Worked", D1:D24) -> 53.666667
A6: 46210 | B6: 0.41666667 | C6: 0.75 | D6: =C6-B6 -> 0.33333333
A7: 46211 | B7: 0.41666667 | C7: 0.75 | D7: =C7-B7 -> 0.33333333
A8: 46212 | B8: 0.41666667 | C8: 0.75 | D8: =C8-B8 -> 0.33333333
A9: 46213 | B9: 0.41666667 | C9: 0.70833333 | D9: =C9-B9 -> 0.29166667
A10: 46216 | B10: 0.41666667 | C10: 0.75 | D10: =C10-B10 -> 0.33333333
A11: 46217 | B11: 0.41666667 | C11: 0.75 | D11: =C11-B11 -> 0.33333333
A12: 46218 | B12: 0.41666667 | C12: 0.75 | D12: =C12-B12 -> 0.33333333
A13: 46219 | B13: 0.41666667 | C13: 0.75 | D13: =C13-B13 -> 0.33333333
A14: 46220 | B14: 0.41666667 | C14: 0.70833333 | D14: =C14-B14 -> 0.29166667
A15: 46223 | B15: 0.41666667 | C15: 0.75 | D15: =C15-B15 -> 0.33333333
A16: 46224 | B16: 0.41666667 | C16: 0.75 | D16: =C16-B16 -> 0.33333333
A17: 46225 | B17: 0.41666667 | C17: 0.75 | D17: =C17-B17 -> 0.33333333
... A24: 46234 | B24: 0.41666667 | C24: 0.70833333 | D24: =C24-B24 -> 0.29166667

Sheet August 26
A1: Day | B1: From | C1: To | D1: Hours | E1: Concept | F1: Comments | H1: Days Worked | I1: Total hours
A2: 46237 | B2: 0.41666667 | C2: 0.75 | D2: =C2-B2 -> 0.33333333 | H2: =COUNTIF(E:E, "=Worked") -> 0 | I2: =SUMIF(E:E, "=Worked", D:D) -> 0
A3: 46238 | B3: 0.41666667 | C3: 0.75 | D3: =C3-B3 -> 0.33333333
A4: 46239 | B4: 0.41666667 | C4: 0.75 | D4: =C4-B4 -> 0.33333333 | H4: Holidays | I4: Remaining Contract #1 January 26
A5: 46240 | B5: 0.41666667 | C5: 0.75 | D5: =C5-B5 -> 0.33333333 | H5: =COUNTIF(E:E, "=Vacation")+ COUNTIF(E:E, "=Holiday") -> 15 | I5: ='July 26'!I5-SUMIF(E:E, "=Worked", D1:D22) -> 53.666667
A6: 46241 | B6: 0.41666667 | C6: 0.70833333 | D6: =C6-B6 -> 0.29166667
A7: 46244 | B7: 0.41666667 | C7: 0.75 | D7: =C7-B7 -> 0.33333333 | E7: Holiday
A8: 46245 | B8: 0.41666667 | C8: 0.75 | D8: =C8-B8 -> 0.33333333 | E8: Holiday
A9: 46246 | B9: 0.41666667 | C9: 0.75 | D9: =C9-B9 -> 0.33333333 | E9: Holiday
A10: 46247 | B10: 0.41666667 | C10: 0.75 | D10: =C10-B10 -> 0.33333333 | E10: Holiday
A11: 46248 | B11: 0.41666667 | C11: 0.70833333 | D11: =C11-B11 -> 0.29166667 | E11: Holiday
A12: 46251 | B12: 0.41666667 | C12: 0.75 | D12: =C12-B12 -> 0.33333333 | E12: Holiday
A13: 46252 | B13: 0.41666667 | C13: 0.75 | D13: =C13-B13 -> 0.33333333 | E13: Holiday
A14: 46253 | B14: 0.41666667 | C14: 0.75 | D14: =C14-B14 -> 0.33333333 | E14: Holiday
A15: 46254 | B15: 0.41666667 | C15: 0.75 | D15: =C15-B15 -> 0.33333333 | E15: Holiday
A16: 46255 | B16: 0.41666667 | C16: 0.70833333 | D16: =C16-B16 -> 0.29166667 | E16: Holiday
A17: 46258 | B17: 0.41666667 | C17: 0.75 | D17: =C17-B17 -> 0.33333333 | E17: Holiday
A18: 46259 | B18: 0.41666667 | C18: 0.75 | D18: =C18-B18 -> 0.33333333 | E18: Holiday
... A21: 46262 | B21: 0.41666667 | C21: 0.70833333 | D21: =C21-B21 -> 0.29166667 | E21: Holiday
A22: 46265 | B22: 0.41666667 | C22: 0.75 | D22: =C22-B22 -> 0.33333333

Sheet September 26
A1: Day | B1: From | C1: To | D1: Hours | E1: Concept | F1: Comments | H1: Days Worked | I1: Total hours
A2: 46266 | B2: 0.41666667 | C2: 0.75 | D2: =C2-B2 -> 0.33333333 | H2: =COUNTIF(E:E, "=Worked") -> 0 | I2: =SUMIF(E:E, "=Worked", D:D) -> 0
A3: 46267 | B3: 0.41666667 | C3: 0.75 | D3: =C3-B3 -> 0.33333333
A4: 46268 | B4: 0.41666667 | C4: 0.75 | D4: =C4-B4 -> 0.33333333 | H4: Holidays | I4: Remaining Contract #1 January 26
A5: 46269 | B5: 0.41666667 | C5: 0.70833333 | D5: =C5-B5 -> 0.29166667 | H5: =COUNTIF(E:E, "=Vacation")+ COUNTIF(E:E, "=Holiday") -> 0 | I5: ='August 26'!I5-SUMIF(E:E, "=Worked", D1:D23) -> 53.666667
A6: 46272 | B6: 0.41666667 | C6: 0.75 | D6: =C6-B6 -> 0.33333333
A7: 46273 | B7: 0.41666667 | C7: 0.75 | D7: =C7-B7 -> 0.33333333
A8: 46274 | B8: 0.41666667 | C8: 0.75 | D8: =C8-B8 -> 0.33333333
A9: 46275 | B9: 0.41666667 | C9: 0.75 | D9: =C9-B9 -> 0.33333333
A10: 46276 | B10: 0.41666667 | C10: 0.70833333 | D10: =C10-B10 -> 0.29166667
A11: 46279 | B11: 0.41666667 | C11: 0.75 | D11: =C11-B11 -> 0.33333333
A12: 46280 | B12: 0.41666667 | C12: 0.75 | D12: =C12-B12 -> 0.33333333
A13: 46281 | B13: 0.41666667 | C13: 0.75 | D13: =C13-B13 -> 0.33333333
A14: 46282 | B14: 0.41666667 | C14: 0.75 | D14: =C14-B14 -> 0.33333333
A15: 46283 | B15: 0.41666667 | C15: 0.70833333 | D15: =C15-B15 -> 0.29166667
A16: 46286 | B16: 0.41666667 | C16: 0.75 | D16: =C16-B16 -> 0.33333333
A17: 46287 | B17: 0.41666667 | C17: 0.75 | D17: =C17-B17 -> 0.33333333
... A23: 46295 | B23: 0.41666667 | C23: 0.75 | D23: =C23-B23 -> 0.33333333

Sheet October 26
A1: Day | B1: From | C1: To | D1: Hours | E1: Concept | F1: Comments | H1: Days Worked | I1: Total hours
A2: 46296 | B2: 0.41666667 | C2: 0.75 | D2: =C2-B2 -> 0.33333333 | H2: =COUNTIF(E:E, "=Worked") -> 0 | I2: =SUMIF(E:E, "=Worked", D:D) -> 0
A3: 46297 | B3: 0.41666667 | C3: 0.70833333 | D3: =C3-B3 -> 0.29166667
A4: 46300 | B4: 0.41666667 | C4: 0.75 | D4: =C4-B4 -> 0.33333333 | H4: Holidays | I4: Remaining Contract #1 January 26
A5: 46301 | B5: 0.41666667 | C5: 0.75 | D5: =C5-B5 -> 0.33333333 | H5: =COUNTIF(E:E, "=Vacation")+ COUNTIF(E:E, "=Holiday") -> 1 | I5: ='September 26'!I5-SUMIF(E:E, "=Worked", D1:D23) -> 53.666667
A6: 46302 | B6: 0.41666667 | C6: 0.75 | D6: =C6-B6 -> 0.33333333
A7: 46303 | B7: 0.41666667 | C7: 0.75 | D7: =C7-B7 -> 0.33333333
A8: 46304 | B8: 0.41666667 | C8: 0.70833333 | D8: =C8-B8 -> 0.29166667
A9: 46307 | B9: 0.41666667 | C9: 0.75 | D9: =C9-B9 -> 0.33333333 | E9: Holiday | F9: Fiesta Nacional
A10: 46308 | B10: 0.41666667 | C10: 0.75 | D10: =C10-B10 -> 0.33333333
A11: 46309 | B11: 0.41666667 | C11: 0.75 | D11: =C11-B11 -> 0.33333333
A12: 46310 | B12: 0.41666667 | C12: 0.75 | D12: =C12-B12 -> 0.33333333
A13: 46311 | B13: 0.41666667 | C13: 0.70833333 | D13: =C13-B13 -> 0.29166667
A14: 46314 | B14: 0.41666667 | C14: 0.75 | D14: =C14-B14 -> 0.33333333
A15: 46315 | B15: 0.41666667 | C15: 0.75 | D15: =C15-B15 -> 0.33333333
A16: 46316 | B16: 0.41666667 | C16: 0.75 | D16: =C16-B16 -> 0.33333333
A17: 46317 | B17: 0.41666667 | C17: 0.75 | D17: =C17-B17 -> 0.33333333
A18: 46318 | B18: 0.41666667 | C18: 0.70833333 | D18: =C18-B18 -> 0.29166667
A19: 46321 | B19: 0.41666667 | C19: 0.75 | D19: =C19-B19 -> 0.33333333
A20: 46322 | B20: 0.41666667 | C20: 0.75 | D20: =C20-B20 -> 0.33333333
A21: 46323 | B21: 0.41666667 | C21: 0.75 | D21: =C21-B21 -> 0.33333333
... A23: 46325 | B23: 0.41666667 | C23: 0.70833333 | D23: =C23-B23 -> 0.29166667

Sheet November 26
A1: Day | B1: From | C1: To | D1: Hours | E1: Concept | F1: Comments | H1: Days Worked | I1: Total hours
A2: 46328 | B2: 0.41666667 | C2: 0.75 | D2: =C2-B2 -> 0.33333333 | E2: Holiday | F2: Traslado Todos los Santos | H2: =COUNTIF(E:E, "=Worked") -> 0 | I2: =SUMIF(E:E, "=Worked", D:D) -> 0
A3: 46329 | B3: 0.41666667 | C3: 0.75 | D3: =C3-B3 -> 0.33333333
A4: 46330 | B4: 0.41666667 | C4: 0.75 | D4: =C4-B4 -> 0.33333333 | H4: Holidays | I4: Remaining Contract #1 January 26
A5: 46331 | B5: 0.41666667 | C5: 0.75 | D5: =C5-B5 -> 0.33333333 | H5: =COUNTIF(E:E, "=Vacation")+ COUNTIF(E:E, "=Holiday") -> 1 | I5: ='October 26'!I5-SUMIF(E:E, "=Worked", D1:D22) -> 53.666667
A6: 46332 | B6: 0.41666667 | C6: 0.70833333 | D6: =C6-B6 -> 0.29166667
A7: 46335 | B7: 0.41666667 | C7: 0.75 | D7: =C7-B7 -> 0.33333333
A8: 46336 | B8: 0.41666667 | C8: 0.75 | D8: =C8-B8 -> 0.33333333
A9: 46337 | B9: 0.41666667 | C9: 0.75 | D9: =C9-B9 -> 0.33333333
A10: 46338 | B10: 0.41666667 | C10: 0.75 | D10: =C10-B10 -> 0.33333333
A11: 46339 | B11: 0.41666667 | C11: 0.70833333 | D11: =C11-B11 -> 0.29166667
A12: 46342 | B12: 0.41666667 | C12: 0.75 | D12: =C12-B12 -> 0.33333333
A13: 46343 | B13: 0.41666667 | C13: 0.75 | D13: =C13-B13 -> 0.33333333
A14: 46344 | B14: 0.41666667 | C14: 0.75 | D14: =C14-B14 -> 0.33333333
A15: 46345 | B15: 0.41666667 | C15: 0.75 | D15: =C15-B15 -> 0.33333333
A16: 46346 | B16: 0.41666667 | C16: 0.70833333 | D16: =C16-B16 -> 0.29166667
A17: 46349 | B17: 0.41666667 | C17: 0.75 | D17: =C17-B17 -> 0.33333333
... A22: 46356 | B22: 0.41666667 | C22: 0.75 | D22: =C22-B22 -> 0.33333333

Sheet December 26
A1: Day | B1: From | C1: To | D1: Hours | E1: Concept | F1: Comments | H1: Days Worked | I1: Total hours
A2: 46357 | B2: 0.41666667 | C2: 0.75 | D2: =C2-B2 -> 0.33333333 | H2: =COUNTIF(E:E, "=Worked") -> 0 | I2: =SUMIF(E:E, "=Worked", D:D) -> 0
A3: 46358 | B3: 0.41666667 | C3: 0.75 | D3: =C3-B3 -> 0.33333333
A4: 46359 | B4: 0.41666667 | C4: 0.75 | D4: =C4-B4 -> 0.33333333 | H4: Holidays | I4: Remaining Contract #1 January 26
A5: 46360 | B5: 0.41666667 | C5: 0.70833333 | D5: =C5-B5 -> 0.29166667 | H5: =COUNTIF(E:E, "=Vacation")+ COUNTIF(E:E, "=Holiday") -> 3 | I5: ='November 26'!I5-SUMIF(E:E, "=Worked", D1:D24) -> 53.666667
A6: 46363 | B6: 0.41666667 | C6: 0.75 | D6: =C6-B6 -> 0.33333333 | E6: Holiday | F6: Traslado Día de la Constitución Española
A7: 46364 | B7: 0.41666667 | C7: 0.75 | D7: =C7-B7 -> 0.33333333 | E7: Holiday | F7: Inmaculada Concepción
A8: 46365 | B8: 0.41666667 | C8: 0.75 | D8: =C8-B8 -> 0.33333333
A9: 46366 | B9: 0.41666667 | C9: 0.75 | D9: =C9-B9 -> 0.33333333
A10: 46367 | B10: 0.41666667 | C10: 0.70833333 | D10: =C10-B10 -> 0.29166667
A11: 46370 | B11: 0.41666667 | C11: 0.75 | D11: =C11-B11 -> 0.33333333
A12: 46371 | B12: 0.41666667 | C12: 0.75 | D12: =C12-B12 -> 0.33333333
A13: 46372 | B13: 0.41666667 | C13: 0.75 | D13: =C13-B13 -> 0.33333333
A14: 46373 | B14: 0.41666667 | C14: 0.75 | D14: =C14-B14 -> 0.33333333
A15: 46374 | B15: 0.41666667 | C15: 0.70833333 | D15: =C15-B15 -> 0.29166667
A16: 46377 | B16: 0.41666667 | C16: 0.75 | D16: =C16-B16 -> 0.33333333
A17: 46378 | B17: 0.41666667 | C17: 0.75 | D17: =C17-B17 -> 0.33333333
A18: 46379 | B18: 0.41666667 | C18: 0.75 | D18: =C18-B18 -> 0.33333333
A19: 46380 | B19: 0.41666667 | C19: 0.75 | D19: =C19-B19 -> 0.33333333
A20: 46381 | B20: 0.41666667 | C20: 0.70833333 | D20: =C20-B20 -> 0.29166667 | E20: Holiday | F20: Navidad
A21: 46384 | B21: 0.41666667 | C21: 0.75 | D21: =C21-B21 -> 0.33333333
A22: 46385 | B22: 0.41666667 | C22: 0.75 | D22: =C22-B22 -> 0.33333333
A23: 46386 | B23: 0.41666667 | C23: 0.75 | D23: =C23-B23 -> 0.33333333
A24: 46387 | B24: 0.41666667 | C24: 0.75 | D24: =C24-B24 -> 0.33333333
